ticker,close,ret_1d,ret_5d,ret_20d,ret_accel,vol_z,dollar_vol_ratio,dollar_volume,atr_move,dist_52w_high,gap_pct,range_pos,rs_1d,rs_5d,rs_20d,volume_score,momentum_score,relative_strength_score,ml_outlier_score,composite,options_bonus,final_score,name,is_etf
OPCH,31.0,0.32648690144492476,0.35905307872918235,0.3058129864733308,0.4046597804022144,8.787102973792223,47.8312806337561,2017514100.0,8.746627073997285,-0.152773985495393,0.32819853662211274,0.21428863366984102,0.32098890876051,0.3395686317119222,0.2861453020250828,0.9988442095253152,0.572506914975101,0.9989256938227394,1.0,0.8711904761146727,0.0,0.8711904761146727,"Option Care Health, Inc. - Common Stock",False
MOBX,1.1200000047683716,0.7230769936149668,0.3301662643943093,-0.11811021922119347,0.3217829958111331,3.8743380900039788,152.17707602174286,138938464.591527,6.60328902601668,-0.8999999978712626,0.0076923006385032355,0.7752809096262463,0.717579000930552,0.31068181737704914,-0.13777790366944143,0.937376370716269,0.5663782363883311,0.999104744852283,0.9989256938227394,0.8507324698663845,0.0,0.8507324698663845,"Mobix Labs, Inc. - Class A Common Stock",False
XP,29.729999542236328,0.056127884373610826,0.4666995002878431,0.4872436159399389,0.5110181550395605,2.765046028417385,7.34048354497336,686760016.425705,1.2139023790956314,0.0,0.03907639063503332,0.9678900527408071,0.05062989168919607,0.447215053270583,0.46757593149169097,0.7664302058051932,0.6985300532386242,0.997851387645479,0.9967770814682184,0.8384137715358847,0.0,0.8384137715358847,XP Inc. - Class A Common Stock,False
VST,160.5,0.10773690852445972,0.13967193008022694,0.05960220069478139,0.13668070325883885,4.116411527054843,4.519232892260848,2901390600.0,3.03179370058263,-0.2343734646202652,0.04541377499325727,0.8053331163194445,0.10223891584004496,0.12018748306296678,0.039934516246533436,0.844325440912079,0.5098953818894875,0.9837063563115488,0.9880035810205908,0.8006082343068979,0.0,0.8006082343068979,Vistra Corp. Common Stock,False
VSTL,26.5,0.21115178320105232,0.2734262700664585,0.08251636011179175,0.27246433887192434,2.5450223578839357,11.727302168167036,25098150.0,3.4488554445441015,-0.6203982104746859,0.10146258253445661,0.7950275487562255,0.20565379051663757,0.2539418230491983,0.0628486756635438,0.7592821219652628,0.562419257932903,0.9962399283795882,0.998746642793196,0.7955077282040066,0.0,0.7955077282040066,Defiance Daily Target 2X Long VST ETF,True
APOG,40.0,0.12170499638694898,0.11607142381978286,0.032524477721784795,0.16237269028297197,5.514588391742202,7.718371470422263,60744000.0,3.3084855836498566,-0.17663829251948637,0.1985418357080697,0.4277228066809334,0.11620700370253423,0.0965869768025227,0.012856793273536837,0.9468851338423148,0.384136200397684,0.982094897045658,0.9955237242614146,0.7948301245334142,0.0,0.7948301245334142,"Apogee Enterprises, Inc. - Common Stock",False
BBD,4.510000228881836,0.04157051001093759,0.34373457858071554,0.2718164252422486,0.40255807259749865,3.272184152051072,4.1845694368834705,415569461.0900879,1.092528636917486,0.0,0.04387992160929133,0.5625014901175405,0.036072517326522835,0.3242501315634554,0.2521487407940006,0.7638162351873533,0.536110072533733,0.9940913160250672,0.99319606087735,0.7874353676968092,0.0,0.7874353676968092,Banco Bradesco Sa American Depositary Shares,False
TLN,373.1099853515625,0.12426549805990339,0.18507810218348397,0.14531724202472152,0.11615711622556879,3.534685488429473,4.197429563720953,1050752340.7470703,2.866885695383341,-0.1631302969310271,0.05206857815873067,0.8307903778614201,0.11876750537548864,0.16559365516622382,0.12564955757647356,0.7913634037034448,0.49200499801656594,0.9921217547000896,0.9912264995523724,0.7816801713664956,0.0,0.7816801713664956,Talen Energy Corporation - Common Stock,False
PENG,64.20999908447266,0.05765112918433846,0.1509230692018484,0.25165692084622027,0.1648856158607589,4.210870896845913,11.004913298735707,989437559.892273,1.0522608247344796,-0.2110824478929879,0.014659848510458318,0.953633760534631,0.0521531364999237,0.13143862218458824,0.2319892363979723,0.9361502491507993,0.25321139874241244,0.9878245299910474,0.9862130707251566,0.7516160145112043,0.0,0.7516160145112043,"Penguin Solutions, Inc. - Common Stock",False
QTEX,1.590000033378601,0.03246757971695691,1.331378411634058,0.8068182295388429,1.457019429045645,3.4749398451912272,81.90378442721016,115889855.43285608,0.2939114923571307,-0.48376621014152155,0.10714291243473673,0.26315796078077064,0.026969587032542153,1.3118939646167977,0.7871505450905949,0.9047897223016848,0.25885031890855986,0.9992837958818264,0.9992837958818264,0.7488055307158039,0.0,0.7488055307158039,QTREX Quantum Ltd. - Ordinary Shares,False
LW,47.90999984741211,0.07493830324113193,0.10723363393946794,-0.030161976365248422,0.17388592280716775,3.9220901074743337,5.660992383566774,401327695.721817,1.840502447749946,-0.25804173363459104,0.05519405656981258,0.33137862717876837,0.06944031055671718,0.08774918692220779,-0.04982966081349638,0.8646747411296312,0.301530637613895,0.9600716204118174,0.984243509400179,0.7387246395854571,0.0,0.7387246395854571,"Lamb Weston Holdings, Inc. Common Stock",False
EWZS,15.960000038146973,0.014621773846405617,0.23625098580820314,0.17785976483306642,0.2869863177717049,1.899648139072528,11.58420545389551,22849932.05461502,0.47764433640229975,-0.005321960765806932,0.022886244172158454,0.40425501694296206,0.009123781161990863,0.216766538790943,0.15819208038481847,0.6365927230205862,0.4907690921605943,0.9858549686660698,0.9856759176365264,0.7325147218148734,0.0,0.7325147218148734,iShares MSCI Brazil Small-Cap ETF,True
TILT,282.7900085449219,0.004832519292666149,0.01788928475155882,0.0036616765533123985,0.034177103903202166,3.982690276546958,17.877374858201243,13432525.405883789,0.676403662322577,-0.014410416393452086,0.007497480453589889,0.1666610152249839,-0.0006654733917486055,-0.0015951622657013331,-0.01600600789493556,0.9378119499062594,0.3909604433806077,0.7149507609668756,0.9384064458370636,0.729303159346848,0.0,0.729303159346848,Northern Trust Morningstar US Market Factor Tilt ETF,True
PRME,3.5,0.09034266617032038,0.1326861156049286,-0.016853916782002765,0.2598047745125297,4.141333172965512,4.468551883071609,42049000.0,1.12555054034701,-0.4752623748177367,0.1090342369075521,0.5240175513576065,0.08484467348590563,0.11320166858766845,-0.03652160123025072,0.8438951970878171,0.27530912467276436,0.9727842435094002,0.9871083258728738,0.7277398104046293,0.0,0.7277398104046293,"Prime Medicine, Inc. - Common Stock",False
LCAP,34.41999816894531,0.003791112567719468,0.020456526417825138,0.029614054882801,0.026936680048433637,4.676405873121891,7.472273849468942,8491413.548278809,0.4617962385395532,0.0,0.005540933847655527,0.291665673254973,-0.0017068801166952863,0.0009720794005649847,0.009946370434553042,0.9283400088576352,0.364466845436223,0.7840644583706357,0.8871978513876455,0.7220945182398137,0.0,0.7220945182398137,Principal Capital Appreciation Select ETF,True
LEUX,8.630000114440918,0.1583893067632407,0.22237962951643642,-0.34867923664596845,0.45996064806117887,2.6801362652262055,8.360554345450323,5747580.076217651,1.6727792487496398,-0.6773831732919283,0.06308728578010103,0.5503876427461977,0.15289131407882595,0.20289518249917626,-0.3683469210942164,0.7633996948971344,0.32306709425013624,0.9693822739480752,0.9974932855863922,0.7193151486510747,0.0,0.7193151486510747,Tradr 2X Long LEU Daily ETF,True
VUSE,73.4207992553711,0.001006164303624768,0.01203069383345956,0.014179890945803741,0.025600447877647703,4.812575970466979,15.398152393063333,9544703.903198242,0.12803020853352698,-0.012537761916943224,0.002099599552224163,0.0,-0.004491828380789986,-0.007453753183800593,-0.005487793502444216,0.968504023234931,0.34212549302960327,0.6911369740376008,0.9346463742166518,0.7183455245302107,0.0,0.7183455245302107,Vident U.S. Equity Strategy ETF,True
CIEN,443.6499938964844,0.13846901669793676,0.2499999355117133,0.2999208379640843,0.28700879220048314,2.802853272113025,3.6255982374937816,2831729181.0424805,2.836559860494162,-0.29242425215871715,0.009982252832992033,0.9499723843115948,0.132971024013522,0.23051548849445314,0.28025315351583635,0.6769162567735404,0.378374971422064,0.9964189794091316,0.992300805729633,0.7143313254864342,0.0,0.7143313254864342,Ciena Corporation Common Stock,False
VNCE,12.239999771118164,0.06993008916771815,0.2071005282734799,0.8801842305342773,0.2071005282734799,1.4140715892024238,12.61248860440328,7527599.859237671,0.6061315202925244,0.0,0.005244792116914532,0.48214272536382974,0.06443209648330339,0.18761608125621976,0.8605165460860293,0.549579637071899,0.4867385576031734,0.9982094897045658,0.9939122649955238,0.7093198093425397,0.0,0.7093198093425397,Vince Holding Corp. - Common Stock,False
PTC,193.0,0.0038489832222363685,0.4030241598237274,0.44829662281052807,0.42045274869091487,2.9714712278274384,7.901826817215497,1431789800.0,0.09407463540181327,-0.06251515724698742,0.0038489832222363685,0.5,-0.0016490094621783857,0.38353971280646726,0.4286289383622801,0.8038216894479553,0.22891753727900593,0.996598030438675,0.9935541629364368,0.7078522066931108,0.0,0.7078522066931108,PTC Inc. - Common Stock,False
ITUB,10.149999618530273,0.023185437547118992,0.2550809153996807,0.22185357704325792,0.2954131427720891,2.133483791947463,3.214636918640832,530768855.0519943,0.6577425264663818,0.0,0.019153183359075454,0.782607433698771,0.017687444862704238,0.23559646838242054,0.20218589259500996,0.5373914477980557,0.5021797663248071,0.9890778871978514,0.9745747538048344,0.704601892437396,0.0,0.704601892437396,Itau Unibanco Banco Holding SA American Depositary Shares (Each repstg 500 Preferred shares),False
URAA,21.540000915527344,0.10688601895743877,0.09954062009957942,-0.23062384647200207,0.25948914458708994,2.5142072041871044,3.2143527422391847,3974130.168914795,1.8785915155406103,-0.6478055168704102,0.04881812988868384,0.6706239918499024,0.10138802627302401,0.08005617308231927,-0.25029153092025,0.6086084909683719,0.46919536633078507,0.9178155774395703,0.9878245299910474,0.7044691786758707,0.0,0.7044691786758707,Direxion Daily Uranium Industry Bull 2X ETF,True
LABX,17.899999618530273,0.1481718693606895,0.18151815638572155,0.6982921900678349,0.2165500160937891,2.118154531155859,4.293872974147035,59102218.74046326,1.439554553088736,-0.5134988036993926,0.0737652089335854,0.6093749185092577,0.14267387667627474,0.1620337093684614,0.678624505619587,0.5819169425529545,0.43707850163971107,0.9980304386750224,0.995702775290958,0.7044452760509957,0.0,0.7044452760509957,Tradr 2X Long ALAB Daily ETF,True
SECU,48.560001373291016,0.0037205519057834646,0.004702873144049713,-0.009961351068464741,0.010429968920056654,4.25677784126114,44.96540086648663,129286147.65625,0.8442887128773694,-0.013428907076238006,0.002893745071467224,0.6666807951511041,-0.0017774407786312896,-0.01478157387321044,-0.0296290355167127,0.9585980312199562,0.3423991666617218,0.5960608773500448,0.9568487018800358,0.7008810752105196,0.0,0.7008810752105196,iShares Securitized Income Active ETF,True
ILCV,106.91000366210938,0.005833123917975858,0.01087369045622344,-0.0024380735858561264,0.024030320640093472,4.130567144128402,8.062941643528758,15269207.453033447,0.7987815311552844,-0.019211486492634378,0.003481068241556251,0.6250095368886854,0.0003351312335611034,-0.008610756561036714,-0.022105758034104084,0.9131092437512865,0.37774585461517246,0.6707251566696508,0.8968666069829901,0.7007748822404658,0.0,0.7007748822404658,iShares Morningstar Large-Cap  Value ETF,True
MRVU,172.82000732421875,0.12060696379386804,0.18605448741477204,0.5719479308205517,0.18406020500125586,2.7009047752620297,5.6351671482388435,96243462.07885742,1.4806961041969804,-0.41252407026681714,-0.00012971256842564394,0.5989502275201227,0.11510897110945328,0.1665700403975119,0.5522802463723038,0.7271244046303249,0.2829688763853647,0.9973142345568488,0.9908683974932856,0.7006645107147338,0.0,0.7006645107147338,Direxion Daily MRVL Bull 2X ETF,True
INTR,7.03000020980835,0.07164638279397062,0.37037038069822725,0.2508897425198078,0.44437757388148713,2.0891500325084214,3.608207070838138,82977904.47645187,1.4669102703014956,-0.30274366478603143,0.038871969003839935,0.763441433588843,0.06614839010955587,0.3508859336809671,0.23122205807155982,0.5480114578527342,0.4602854473429887,0.995702775290958,0.9919427036705462,0.7000181673510177,0.0,0.7000181673510177,Inter & Co. Inc. - Class A Common Shares,False
SUSA,159.25,0.005937732650512784,0.02076793543520128,0.01667261542010401,0.03311290963214186,3.7132721442762873,6.006670328760995,29158675.0,0.7301798254660342,-0.003824590564355468,0.004358552536461779,0.3424677577809828,0.00043973996609802946,0.0012834884179411254,-0.0029950690281439485,0.8570975400299068,0.3921960082360061,0.7674127126230976,0.8494180841539839,0.6981542238351902,0.0,0.6981542238351902,iShares ESG Optimized MSCI USA ETF,True
QNDX,25.709999084472656,0.00390466504247855,0.028399963378906268,0.05745413534967092,0.04103818212618493,3.2444112411749475,6.547478899059974,62421306.77719116,0.316807687131455,0.0,0.005857072040429623,0.0,-0.0015933276419362041,0.008915516361646114,0.03778645090142296,0.8213543273159024,0.3811754220186799,0.8485228290062667,0.8325872873769025,0.6969809480770086,0.0,0.6969809480770086,State Street SPDR Portfolio Nasdaq 100 ETF,True
RXO,28.540000915527344,-0.0038393963164936595,0.37807832820838905,0.4327309641676027,0.33159029756744673,2.959751624356284,6.069856725360666,231610669.42977905,0.07573777966562475,-0.025938509942754817,0.002792318491142698,0.5671657087222758,-0.009337389000908414,0.3585938811911289,0.41306327971935475,0.7759643149163675,0.2172423536979721,0.9958818263205014,0.9914055505819158,0.6954194759647854,0.0,0.6954194759647854,"RXO, Inc. Common Stock",False
PLU,5.730000019073486,0.13690477429423842,0.2456522038843778,0.021390353423023534,0.31069288817282625,1.7660347904024405,4.932660052061781,4545609.015130997,1.4863313761695245,-0.9183295364882081,0.1051587725833012,0.6086960578009516,0.13140678160982366,0.22616775686711765,0.0017226689747755763,0.5345397355562462,0.4520471425007214,0.9919427036705462,0.9958818263205014,0.6935409694152999,0.0,0.6935409694152999,Defiance Daily Target 2x Long PL ETF,True
UTSL,32.869998931884766,0.0873304475562402,0.10673394234053113,-0.14634950255163703,0.1701208354204945,2.2257642656291408,3.3211951223286116,18693168.392562866,2.1471436218653386,-0.3904048185386224,0.031756566535173336,0.954544420084812,0.08183245487182544,0.08724949532327098,-0.166017186999885,0.5606001619063087,0.4684630531542252,0.9380483437779767,0.9772605192479856,0.6917807371233526,0.0,0.6917807371233526,Direxion Daily Utilities Bull 3X ETF,True
EWZ,43.0,0.0004653433684664865,0.17905123555603164,0.11370109609559176,0.22583631604106258,2.302171639698825,3.3098084936611025,2642995000.0,0.01698827255835231,0.0,0.013261975358191513,0.4042554054931498,-0.005032649315948268,0.1595667885387715,0.0940334116473438,0.5745576475980233,0.45567425205193063,0.969740376007162,0.9423455684870188,0.6914867587938223,0.0,0.6914867587938223,iShares MSCI Brazil ETF,True
PBT,33.54999923706055,0.03741493750042024,0.04192541745759426,-0.035597954245425445,0.06644848343946164,3.559564705043391,9.777830208457395,29211984.33570862,0.9898705116747364,-0.07031742857191181,-0.0043289854356179935,0.8035703743398077,0.03191694481600549,0.022440970440334107,-0.0552656386936734,0.8862135373130542,0.20039884159314647,0.8639212175470009,0.936436884512086,0.6860553340836776,0.0,0.6860553340836776,Permian Basin Royalty Trust Common Stock,False
UTES,76.05999755859375,0.055948894177340946,0.07051364238768998,-0.009378639310314685,0.07233995951132899,2.357550055176887,2.564088965052783,27404417.120361328,3.065117571171468,-0.11724556605506098,0.02637791972898129,0.8987319767834896,0.05045090149292619,0.051029195370429825,-0.029046323758562642,0.5436048984070154,0.4766242227379718,0.9396598030438675,0.9554162936436884,0.6850839556810073,0.0,0.6850839556810073,Virtus Reaves Utilities ETF,True
NUKZ,63.38999938964844,0.035445902085534,0.04534960467808702,-0.054304034849135374,0.08888276035323128,3.4994727953159255,4.213127236012322,25793390.75164795,1.8855619304083553,-0.1684376676092233,0.015191118697026162,0.7712083472257635,0.029947909401119244,0.025865157660826865,-0.07397171929738333,0.7886618745768241,0.26998714114080513,0.8399283795881827,0.9444941808415398,0.6744792168012332,0.0,0.6744792168012332,Range Nuclear Renaissance Index ETF,True
BSCT,18.2549991607666,0.001646023520931017,0.0038493096992011644,-0.007641394255319733,0.009318294238672142,4.95269603848464,7.68485407288454,73533911.37944031,0.686553544143205,-0.01112245810984025,0.0008230117604655085,0.4999682115836989,-0.003851969163483737,-0.01563513731805899,-0.02730907870356769,0.9376851870977759,0.32932138676630635,0.5666965085049239,0.9024171888988362,0.6739247116399767,0.0,0.6739247116399767,Invesco BulletShares 2029 Corporate Bond ETF,True
FRSH,13.760000228881836,0.04084719749967092,0.09379970686264949,0.13719006570894643,0.08091727156238715,1.8825894334466997,3.3785197262808473,254061892.22602844,1.0727749442529477,-0.011494241848790776,0.037065034888103865,0.14084560013646943,0.03534920481525616,0.07431525984538934,0.11752238126069847,0.49683752686083393,0.4670983939630489,0.9692032229185318,0.9410922112802148,0.6712398630869142,0.0,0.6712398630869142,Freshworks Inc. - Class A Common Stock,False
ROUS,67.6500015258789,0.0017770287094811543,0.015460803615018115,0.005595005310917278,0.025323154112404822,3.9688671056116656,6.2326617676007885,19029945.429229736,0.24938174438214886,-0.018552056132446815,0.0019251426797353144,0.282255583584569,-0.0037209639749336,-0.004023643402242039,-0.01407267913733068,0.8791986557567328,0.3485956411000182,0.6879140555058192,0.8254252461951657,0.6710061493972223,0.0,0.6710061493972223,Hartford Multifactor U.S. Equity ETF,True
WCBR,48.11000061035156,0.019063790369250766,0.06648047139852276,0.22146899593668468,0.07566141703190121,2.126426399857915,3.5452578662596292,9992447.12677002,0.648954868702019,0.0,0.018004708860456686,0.2610450134663525,0.013565797684836012,0.0469960243812626,0.20180131148843672,0.5523246976016767,0.43838204921270124,0.9679498657117278,0.9004476275738585,0.6708915227014307,0.0,0.6708915227014307,WisdomTree Cybersecurity Fund,True
